105.0,-65.0
115.0,-50.0
138.0,-49.0
119.0,-46.0
110.0,-45.0
125.0,-43.0
105.0,-40.0
114.4,-39.6
155.0,-37.0
149.0,-36.0
175.0,-35.0
130.0,-35.0
150.0,-35.0
162.0,-33.0
143.0,-33.0
122.0,-31.0
130.0,-26.0
115.0,-25.0
142.0,-25.0
140.0,-25.0
165.0,-22.0
143.0,-22.0
150.0,-20.0
158.0,-19.0
143.0,-17.6
189.0,-17.0
150.0,-16.0
150.0,-15.0
135.0,-15.0
140.0,-15.0
158.0,-13.0
121.0,-12.0
138.0,-12.0
180.0,-12.0
140.0,-10.0
147.4,-8.8
162.8,-8.8
190.0,-5.0
192.0,0.0
195.0,0.0
127.6,0.0
170.0,0.0
135.0,0.0
260.0,1.0
160.0,2.0
149.0,2.0
178.0,3.0
161.0,4.0
158.0,4.0
150.0,4.0
191.4,4.4
176.0,5.0
107.0,5.0
167.0,5.0
190.0,5.0
195.0,5.0
263.0,5.0
204.0,5.0
140.0,5.0
200.0,5.0
114.0,5.0
160.0,5.0
160.0,5.0
168.0,5.0
200.0,5.0
176.0,5.0
160.0,5.0
161.0,6.0
178.0,6.0
158.0,6.0
169.4,6.6
149.6,6.6
198.0,6.6
167.2,6.6
187.0,7.0
135.0,7.0
190.0,7.0
175.0,7.0
171.0,7.0
188.0,7.0
191.0,7.0
200.0,7.0
195.0,7.0
144.0,8.0
155.0,8.0
145.0,8.0
172.0,8.0
165.0,8.0
195.0,8.0
160.0,8.0
177.0,8.0
132.0,8.0
149.6,8.8
146.0,9.0
132.0,9.0
218.0,9.0
163.0,9.0
176.0,9.0
165.0,10.0
200.0,10.0
210.0,10.0
173.0,10.0
190.0,10.0
155.0,10.0
181.0,10.0
135.0,10.0
190.0,10.0
225.0,10.0
140.0,10.0
240.0,10.0
163.0,10.0
170.0,10.0
155.0,10.0
225.0,10.0
183.0,10.0
205.0,10.0
150.0,10.0
200.0,10.0
175.0,10.0
190.0,10.0
175.0,10.0
187.0,10.0
178.0,10.0
150.0,10.0
185.0,10.0
235.0,10.0
190.0,10.0
130.0,11.0
280.0,11.0
143.0,11.0
136.0,11.0
150.0,11.0
179.0,11.0
170.0,11.0
200.0,12.0
211.0,12.0
153.0,12.0
174.0,12.0
208.0,12.0
133.0,12.0
172.0,12.0
160.0,12.0
186.0,12.0
215.0,12.0
160.0,12.0
238.0,12.0
195.0,12.0
172.0,12.0
186.0,12.0
147.0,13.0
210.0,13.0
200.0,13.0
185.0,13.0
185.0,13.0
184.0,13.0
165.0,13.0
144.0,13.0
145.0,13.0
193.0,13.0
158.0,13.0
227.0,13.0
157.0,13.0
193.0,13.0
102.0,13.0
110.0,13.2
144.0,14.0
181.0,14.0
214.0,14.0
203.0,14.0
191.0,14.0
138.0,14.0
194.0,14.0
176.0,14.0
220.0,14.0
221.0,14.0
176.0,15.0
210.0,15.0
250.0,15.0
204.0,15.0
115.0,15.0
185.0,15.0
231.0,15.0
180.0,15.0
185.0,15.0
175.0,15.0
195.0,15.0
190.0,15.0
165.0,15.0
140.0,15.0
170.0,15.0
137.0,15.0
145.0,15.0
195.0,15.0
143.0,15.0
150.0,15.0
166.0,15.0
185.0,15.0
227.0,15.0
195.0,15.0
190.0,15.0
141.0,15.0
187.0,15.0
180.0,15.0
210.0,15.0
180.0,15.0
255.0,15.0
253.0,15.4
173.8,15.4
125.4,15.4
300.0,16.0
198.0,16.0
196.0,16.0
250.0,16.0
255.0,16.0
160.0,16.0
190.0,16.0
185.0,16.0
172.0,16.0
223.0,16.0
135.0,16.0
207.0,16.0
200.0,16.0
148.0,17.0
215.0,17.0
162.0,17.0
219.0,17.0
210.0,17.0
175.0,17.0
117.0,17.0
200.0,17.0
235.0,17.0
231.0,17.0
190.0,17.0
218.0,18.0
169.0,18.0
150.0,18.0
185.0,18.0
165.0,18.0
190.0,18.0
225.0,18.0
185.0,18.0
188.0,18.0
178.0,18.0
165.0,18.0
198.0,18.0
215.0,18.0
180.0,18.0
198.0,18.0
254.0,19.0
139.0,19.0
145.0,19.0
186.0,19.0
112.0,19.0
165.0,19.0
158.0,19.0
225.0,19.0
178.2,19.8
184.8,19.8
191.4,19.8
165.0,19.8
185.0,20.0
212.0,20.0
170.0,20.0
188.0,20.0
270.0,20.0
215.0,20.0
337.0,20.0
180.0,20.0
150.0,20.0
190.0,20.0
135.0,20.0
220.0,20.0
200.0,20.0
160.0,20.0
215.0,20.0
230.0,20.0
185.0,20.0
105.0,20.0
200.0,20.0
110.0,20.0
215.0,20.0
200.0,20.0
185.0,20.0
210.0,20.0
130.0,20.0
195.0,20.0
205.0,20.0
140.0,20.0
165.0,20.0
220.0,20.0
120.0,20.0
155.0,20.0
280.0,20.0
284.0,20.0
196.0,20.0
310.0,20.0
189.0,20.0
215.0,20.0
140.0,20.0
206.0,20.0
215.0,20.0
196.0,20.0
163.0,20.0
225.0,20.0
175.0,20.0
180.0,20.0
215.0,21.0
107.0,21.0
277.0,21.0
170.0,21.0
208.0,21.0
190.0,21.0
185.0,21.0
157.0,21.0
135.0,21.0
200.0,21.0
202.0,21.0
248.0,21.0
170.0,21.0
195.0,22.0
182.0,22.0
98.0,22.0
238.0,22.0
150.0,22.0
185.0,22.0
210.0,22.0
215.0,22.0
143.0,22.0
235.0,22.0
220.0,22.0
138.0,22.0
202.0,22.0
172.0,22.0
211.2,22.0
128.0,22.0
128.0,22.0
170.0,22.0
197.0,22.0
195.0,22.0
165.0,22.0
223.0,23.0
180.0,23.0
117.0,23.0
189.0,23.0
225.0,23.0
176.0,23.0
220.0,23.0
227.0,23.0
240.0,24.0
330.0,24.0
156.0,24.0
170.0,24.0
197.0,24.0
186.0,24.0
161.0,24.0
163.0,24.0
244.0,24.0
228.0,24.0
207.0,24.0
167.0,24.0
189.0,24.0
228.0,25.0
230.0,25.0
125.0,25.0
225.0,25.0
169.0,25.0
150.0,25.0
160.0,25.0
195.0,25.0
200.0,25.0
250.0,25.0
215.0,25.0
197.0,25.0
180.0,25.0
205.0,25.0
205.0,25.0
135.0,25.0
190.0,25.0
160.0,25.0
220.0,25.0
210.0,25.0
135.0,25.0
200.0,25.0
230.0,25.0
150.0,25.0
240.0,25.0
180.0,25.0
160.0,25.0
185.0,25.0
140.0,25.0
165.0,25.0
297.0,25.0
200.0,25.0
155.0,25.0
222.0,26.0
236.0,26.0
180.0,26.0
235.0,26.0
225.0,26.0
213.0,26.0
139.0,26.0
120.0,26.0
152.0,26.0
188.0,26.0
210.0,26.0
235.0,26.0
110.0,26.4
202.4,26.4
265.0,27.0
231.0,27.0
216.0,27.0
205.0,27.0
220.0,27.0
191.0,27.0
206.0,27.0
220.0,27.0
219.0,27.0
218.0,27.0
430.0,27.0
207.0,27.0
173.0,27.0
228.0,28.0
181.0,28.0
160.0,28.0
167.0,28.0
210.0,28.0
229.0,28.0
238.0,28.0
190.0,28.0
217.0,28.0
281.0,28.0
224.0,28.0
235.4,28.6
174.0,29.0
177.0,29.0
200.0,29.0
215.0,29.0
208.0,29.0
175.0,29.0
267.0,29.0
190.0,30.0
204.0,30.0
180.0,30.0
205.0,30.0
248.0,30.0
280.0,30.0
185.0,30.0
255.0,30.0
198.0,30.0
220.0,30.0
235.0,30.0
155.0,30.0
140.0,30.0
280.0,30.0
150.0,30.0
265.0,30.0
220.0,30.0
215.0,30.0
115.0,30.0
235.0,30.0
175.0,30.0
198.0,30.0
190.0,30.0
210.0,30.0
195.0,30.0
265.0,30.0
105.0,30.0
220.0,30.0
215.0,30.0
180.0,30.0
207.0,30.0
235.0,30.0
195.0,30.0
176.0,30.0
170.0,30.0
235.0,30.0
178.0,30.0
220.0,30.0
190.0,30.0
235.0,30.0
180.0,30.0
225.0,30.0
135.0,30.0
230.0,30.0
177.0,30.0
190.0,30.0
196.0,30.0
140.0,30.0
220.0,30.0
310.0,30.0
230.0,30.0
188.0,30.0
214.0,30.0
205.0,30.0
118.8,30.8
139.0,31.0
200.0,31.0
125.0,31.0
159.0,31.0
330.0,31.0
204.0,31.0
180.0,31.0
189.0,31.0
215.0,31.0
175.0,31.0
230.0,31.0
220.0,31.0
202.0,31.0
194.0,31.0
172.0,31.0
154.0,31.0
167.0,31.0
241.0,31.0
128.0,32.0
257.0,32.0
191.0,32.0
119.0,32.0
128.0,32.0
210.0,32.0
220.0,32.0
220.0,32.0
188.0,32.0
284.0,32.0
180.0,32.0
225.0,32.0
170.0,32.0
187.0,32.0
148.0,32.0
125.0,32.0
138.0,32.0
225.0,33.0
230.0,33.0
135.0,33.0
210.0,33.0
238.0,33.0
207.0,33.0
225.0,33.0
185.0,33.0
205.0,33.0
176.0,33.0
146.0,33.0
218.0,33.0
331.0,33.0
212.0,33.0
217.0,34.0
195.0,34.0
217.0,34.0
212.0,34.0
185.0,34.0
195.0,34.0
209.0,34.0
255.0,35.0
267.0,35.0
247.0,35.0
120.0,35.0
128.0,35.0
140.0,35.0
225.0,35.0
199.0,35.0
245.0,35.0
130.0,35.0
175.0,35.0
215.0,35.0
250.0,35.0
270.0,35.0
195.0,35.0
204.0,35.0
145.0,35.0
220.0,35.0
125.0,35.0
200.0,35.0
260.0,35.0
205.0,35.0
215.0,35.0
215.0,35.0
205.0,35.0
200.0,35.0
198.0,35.0
280.0,35.0
183.0,35.0
238.0,35.0
220.0,35.0
205.0,35.0
312.0,36.0
197.0,36.0
212.0,36.0
180.0,36.0
300.0,36.0
204.0,36.0
277.0,36.0
139.0,36.0
255.0,36.0
289.0,36.0
161.0,36.0
196.0,37.0
255.0,37.0
235.0,37.0
265.0,37.0
187.0,37.0
231.0,37.0
212.0,37.0
280.0,37.0
369.0,37.0
220.0,37.0
400.0,37.0
210.0,37.0
215.0,37.0
214.0,37.0
236.0,37.0
317.0,37.0
177.0,37.0
222.0,37.0
230.0,38.0
207.0,38.0
251.0,38.0
230.0,38.0
205.0,38.0
214.0,38.0
216.0,38.0
217.0,39.0
123.0,39.0
220.0,40.0
180.0,40.0
210.0,40.0
223.0,40.0
323.0,40.0
252.0,40.0
185.0,40.0
245.0,40.0
235.0,40.0
135.0,40.0
205.0,40.0
220.0,40.0
215.0,40.0
270.0,40.0
280.0,40.0
135.0,40.0
245.0,40.0
240.0,40.0
230.0,40.0
230.0,40.0
180.0,40.0
240.0,40.0
236.0,40.0
285.0,40.0
195.0,40.0
120.0,40.0
220.0,40.0
245.0,40.0
276.0,40.0
245.0,40.0
230.0,40.0
200.0,40.0
223.0,40.0
245.0,40.0
255.0,40.0
293.0,40.0
145.0,40.0
223.0,40.0
215.0,40.0
225.0,40.0
110.0,40.0
214.0,40.0
276.0,40.0
225.0,40.0
195.0,40.0
230.0,40.0
169.0,40.0
267.0,40.0
275.0,40.0
210.0,40.0
220.0,40.0
125.0,40.0
200.0,40.0
204.0,40.0
207.0,40.0
200.0,40.0
340.0,40.0
425.0,40.0
247.0,40.0
240.0,40.0
282.0,40.0
190.0,40.0
265.0,41.0
142.0,41.0
265.0,41.0
215.0,41.0
330.0,41.0
198.0,41.0
220.0,41.0
240.0,42.0
262.0,42.0
288.0,42.0
120.0,42.0
258.0,42.0
205.0,42.0
270.0,42.0
205.0,42.0
190.0,42.0
108.0,42.0
224.0,42.0
256.0,42.0
128.0,42.0
212.0,43.0
182.0,43.0
279.0,43.0
218.0,43.0
241.0,43.0
230.0,43.0
245.0,43.0
235.0,44.0
273.0,44.0
218.0,44.0
248.0,44.0
264.0,44.0
212.0,44.0
235.4,44.0
220.0,44.0
222.0,44.0
235.4,44.0
305.0,44.0
275.0,44.0
225.0,44.0
242.0,44.0
220.0,45.0
110.0,45.0
237.0,45.0
230.0,45.0
215.0,45.0
180.0,45.0
210.0,45.0
265.0,45.0
225.0,45.0
230.0,45.0
155.0,45.0
295.0,45.0
220.0,45.0
220.0,45.0
204.0,45.0
195.0,45.0
200.0,45.0
140.0,45.0
240.0,45.0
135.0,45.0
220.0,45.0
246.0,45.0
190.0,45.0
190.0,45.0
145.0,45.0
302.0,45.0
135.0,45.0
240.0,46.0
235.0,46.0
218.0,46.0
210.0,46.0
225.0,46.0
330.0,46.0
221.0,46.0
135.0,46.0
359.0,46.0
152.0,46.0
238.0,47.0
252.0,47.0
243.0,47.0
217.0,47.0
204.0,47.0
210.0,47.0
265.0,47.0
274.0,47.0
217.0,47.0
265.0,48.0
169.0,48.0
242.0,48.0
209.0,48.0
218.0,48.0
213.0,48.0
223.0,48.0
220.0,48.0
290.0,48.0
203.0,49.0
277.0,49.0
350.0,49.0
236.0,49.0
218.0,49.0
300.0,50.0
265.0,50.0
235.0,50.0
310.0,50.0
262.0,50.0
185.0,50.0
215.0,50.0
180.0,50.0
275.0,50.0
280.0,50.0
211.0,50.0
250.0,50.0
265.0,50.0
246.0,50.0
215.0,50.0
229.0,50.0
220.0,50.0
215.0,50.0
270.0,50.0
245.0,50.0
245.0,50.0
390.0,50.0
210.0,50.0
240.0,50.0
240.0,50.0
240.0,50.0
250.0,50.0
285.0,50.0
215.0,50.0
235.0,50.0
250.0,50.0
216.0,50.0
235.0,50.0
130.0,50.0
245.0,50.0
205.0,50.0
369.0,50.0
115.0,50.0
182.0,50.0
287.0,50.0
245.0,50.0
245.0,50.0
245.0,50.0
205.0,50.0
215.0,50.0
180.0,50.0
250.0,50.0
240.0,50.0
245.0,50.0
225.0,50.0
280.0,50.0
212.0,50.0
261.0,50.0
235.0,50.0
235.0,50.0
255.0,50.0
220.0,50.0
233.2,50.6
275.0,51.0
185.0,51.0
236.0,51.0
253.0,51.0
221.0,51.0
247.0,51.0
350.0,51.0
244.0,52.0
380.0,52.0
230.0,52.0
265.0,52.0
373.0,52.0
195.0,52.0
210.0,52.0
248.0,52.0
240.0,52.0
207.0,52.0
216.0,53.0
265.0,53.0
252.0,53.0
220.0,53.0
304.0,53.0
240.0,53.0
233.0,53.0
230.0,53.0
230.0,54.0
275.0,54.0
389.0,54.0
265.0,55.0
238.0,55.0
275.0,55.0
270.0,55.0
250.0,55.0
190.0,55.0
210.0,55.0
280.0,55.0
290.0,55.0
215.0,55.0
315.0,55.0
279.0,55.0
265.0,55.0
185.0,55.0
230.0,55.0
220.0,55.0
250.0,55.0
240.0,55.0
235.0,55.0
270.0,55.0
215.0,55.0
250.0,55.0
115.0,55.0
240.0,55.0
315.0,55.0
245.0,55.0
220.0,55.0
250.0,55.0
265.0,55.0
278.0,55.0
240.0,55.0
260.0,55.0
265.0,55.0
235.0,55.0
120.0,55.0
200.0,55.0
245.0,56.0
275.0,56.0
278.0,56.0
250.0,56.0
270.0,56.0
255.0,56.0
231.0,56.0
267.0,57.0
268.0,57.0
225.0,57.0
236.0,57.0
322.0,57.0
215.0,58.0
227.0,58.0
254.0,58.0
275.0,58.0
252.0,59.0
253.0,59.0
223.0,59.0
235.0,59.0
275.0,59.4
250.0,60.0
240.0,60.0
240.0,60.0
270.0,60.0
204.0,60.0
240.0,60.0
210.0,60.0
285.0,60.0
265.0,60.0
235.0,60.0
278.0,60.0
125.0,60.0
280.0,60.0
220.0,60.0
305.0,60.0
250.0,60.0
240.0,60.0
230.0,60.0
235.0,60.0
230.0,60.0
244.0,60.0
120.0,60.0
260.0,60.0
244.0,60.0
280.0,60.0
252.0,60.0
220.0,60.0
140.0,60.0
270.0,60.0
252.0,60.0
310.0,60.0
190.0,60.0
315.0,60.0
310.0,60.0
260.0,60.0
280.0,60.0
210.0,60.0
265.0,60.0
120.0,60.0
253.0,60.0
274.0,60.0
227.0,60.0
220.0,60.0
270.0,60.0
225.0,60.0
200.0,60.0
259.0,61.0
330.0,61.0
280.0,61.0
260.0,61.0
270.0,61.0
275.0,61.0
221.0,61.0
250.8,61.6
237.0,62.0
230.0,62.0
265.0,62.0
210.0,62.0
261.0,62.0
290.0,63.0
227.0,63.0
189.0,63.0
245.0,63.0
245.0,63.0
244.0,63.0
235.0,63.0
260.0,63.0
218.0,64.0
245.0,64.0
378.0,64.0
240.0,65.0
215.0,65.0
240.0,65.0
260.0,65.0
210.0,65.0
230.0,65.0
210.0,65.0
280.0,65.0
245.0,65.0
215.0,65.0
230.0,65.0
260.0,65.0
250.0,65.0
265.0,65.0
245.0,65.0
277.0,65.0
225.0,65.0
245.0,65.0
225.0,65.0
230.0,65.0
350.0,65.0
255.0,65.0
215.0,65.0
378.0,66.0
276.0,66.0
264.0,66.0
285.0,66.0
233.2,66.0
304.0,66.0
260.0,66.0
301.0,66.0
239.8,66.0
255.0,67.0
283.0,67.0
269.0,67.0
299.0,68.0
280.0,68.0
365.0,68.0
315.0,68.0
283.0,68.0
265.0,68.0
275.0,68.2
288.0,69.0
259.0,69.0
252.0,69.0
250.0,70.0
240.0,70.0
270.0,70.0
240.0,70.0
220.0,70.0
270.0,70.0
333.0,70.0
240.0,70.0
235.0,70.0
210.0,70.0
230.0,70.0
262.0,70.0
245.0,70.0
310.0,70.0
235.0,70.0
263.0,70.0
275.0,70.0
210.0,70.0
230.0,70.0
330.0,70.0
225.0,70.0
265.0,70.0
245.0,70.0
243.0,70.0
235.0,70.0
275.0,70.0
250.0,70.0
250.0,70.0
277.0,70.0
266.0,70.0
220.0,70.0
275.0,70.0
230.0,70.0
300.0,70.0
314.0,71.0
270.0,71.0
347.0,71.0
220.0,71.0
257.0,71.0
242.0,72.0
348.0,72.0
263.0,72.0
272.0,72.0
281.6,72.6
245.0,73.0
283.0,73.0
222.0,73.0
244.0,74.0
285.0,74.0
225.0,74.0
259.0,74.0
250.0,75.0
251.0,75.0
250.0,75.0
250.0,75.0
280.0,75.0
270.0,75.0
275.0,75.0
300.0,75.0
275.0,75.0
265.0,75.0
410.0,75.0
275.0,75.0
263.0,75.0
236.0,75.0
260.0,75.0
330.0,75.0
240.0,75.0
230.0,75.0
280.0,75.0
300.0,75.0
125.0,75.0
235.0,75.0
305.0,75.0
275.0,75.0
375.0,75.0
285.0,75.0
215.0,76.0
250.0,76.0
335.0,76.0
235.0,76.0
525.0,76.0
255.0,76.0
297.0,77.0
275.0,77.0
243.0,77.0
315.0,77.0
246.0,77.0
294.0,77.0
278.0,78.0
238.0,78.0
225.0,78.0
251.0,78.0
298.0,78.0
211.0,79.0
407.0,79.0
265.0,79.0
264.0,79.0
264.0,79.0
264.0,79.2
286.0,79.2
300.0,80.0
260.0,80.0
255.0,80.0
295.0,80.0
253.0,80.0
250.0,80.0
247.0,80.0
307.0,80.0
250.0,80.0
260.0,80.0
365.0,80.0
250.0,80.0
429.0,80.0
250.0,80.0
240.0,80.0
305.0,80.0
270.0,80.0
330.0,80.0
120.0,80.0
265.0,80.0
240.0,80.0
300.0,80.0
340.0,80.0
300.0,80.0
235.0,80.0
265.0,80.0
260.0,80.0
245.0,80.0
305.0,80.0
265.0,80.0
245.0,80.0
265.0,80.0
265.0,80.0
275.0,80.0
250.0,80.0
250.0,80.0
260.0,80.0
300.0,80.0
286.0,81.0
275.0,81.4
255.0,82.0
298.0,82.0
368.0,82.0
330.0,83.0
283.0,83.0
273.0,83.0
315.0,83.0
280.0,83.0
273.0,83.0
330.0,83.0
260.0,83.0
243.0,83.0
171.6,83.6
250.0,84.0
293.0,84.0
294.0,84.0
335.0,84.0
286.0,84.0
300.0,85.0
334.0,85.0
250.0,85.0
280.0,85.0
260.0,85.0
350.0,85.0
330.0,85.0
275.0,85.0
286.0,85.0
275.0,85.0
286.0,86.0
253.0,86.0
250.0,87.0
279.0,87.0
292.0,87.0
330.0,88.0
378.4,88.0
231.0,88.0
250.0,88.0
307.0,88.0
255.2,88.0
325.0,88.0
366.0,89.0
274.0,89.0
338.0,89.0
264.0,89.0
278.0,90.0
230.0,90.0
283.0,90.0
265.0,90.0
270.0,90.0
320.0,90.0
290.0,90.0
260.0,90.0
350.0,90.0
410.0,90.0
250.0,90.0
260.0,90.0
275.0,90.0
280.0,90.0
330.0,90.0
285.0,90.0
250.0,90.0
245.0,90.0
315.0,90.0
309.0,90.0
375.0,90.0
293.0,90.0
300.0,90.0
308.0,91.0
330.0,91.0
245.0,91.0
305.0,92.0
307.0,92.0
365.0,92.0
331.0,93.0
280.0,93.0
400.0,93.0
279.0,93.0
255.2,94.6
276.0,95.0
310.0,95.0
315.0,95.0
320.0,95.0
280.0,95.0
370.0,95.0
275.0,95.0
345.0,95.0
275.0,95.0
370.0,96.0
280.0,96.0
213.0,96.0
286.0,99.0
270.0,100.0
310.0,100.0
350.0,100.0
270.0,100.0
286.0,100.0
315.0,100.0
340.0,100.0
260.0,100.0
320.0,100.0
260.0,100.0
387.0,100.0
320.0,100.0
275.0,100.0
275.0,100.0
325.0,100.0
292.0,100.0
285.0,100.0
330.0,100.0
350.0,101.0
350.0,101.0
376.0,101.0
297.0,101.0
352.0,101.2
317.0,102.0
350.0,102.0
275.0,103.0
320.0,105.0
285.0,105.0
275.0,105.0
360.0,105.0
275.0,105.0
280.0,105.0
332.0,105.0
280.0,105.0
315.0,105.0
370.0,105.0
301.0,106.0
309.0,106.0
341.0,106.0
298.0,106.0
389.0,106.0
320.0,107.0
315.0,109.0
290.0,109.0
285.0,109.0
320.0,110.0
305.0,110.0
305.0,110.0
286.0,110.0
360.0,110.0
360.0,110.0
275.0,110.0
270.0,110.0
285.0,110.0
335.0,111.0
321.0,113.0
260.0,113.0
293.0,114.0
330.0,115.0
400.0,115.0
394.0,116.0
309.0,117.0
335.0,117.0
293.0,118.0
351.0,119.0
266.0,119.0
315.0,119.0
375.0,120.0
295.0,120.0
260.0,120.0
310.0,120.0
334.0,120.0
305.0,120.0
285.0,120.0
507.0,121.0
311.0,122.0
337.0,122.0
335.0,122.0
297.0,122.0
286.0,124.0
300.0,125.0
300.0,125.0
395.0,125.0
500.0,125.0
350.0,125.0
489.0,125.0
365.0,126.0
400.0,127.0
394.0,127.0
327.0,127.0
300.0,128.0
400.0,128.0
266.0,129.0
380.0,130.0
315.0,130.0
440.0,130.0
347.0,130.0
360.0,130.0
325.0,130.0
325.0,130.0
330.0,130.0
341.0,130.0
315.0,130.0
311.0,131.0
280.0,133.0
355.0,135.0
330.0,135.0
394.0,136.0
340.0,138.0
320.0,140.0
470.0,140.0
374.0,141.0
365.0,145.0
310.0,145.0
305.0,146.0
400.0,150.0
350.0,150.0
400.0,150.0
375.0,150.0
325.0,150.0
355.0,155.0
330.0,155.0
335.0,160.0
400.0,160.0
440.0,160.0
420.0,160.0
347.0,162.0
350.0,165.0
419.0,165.0
390.0,165.0
336.0,166.0
435.0,170.0
365.0,173.0
410.0,176.0
341.0,176.0
419.0,179.0
380.0,180.0
470.0,180.0
435.0,180.0
350.0,180.0
400.0,180.0
380.0,181.0
310.0,185.0
360.0,188.0
450.0,190.0
380.0,193.0
370.0,195.0
415.0,197.0
400.0,200.0
476.0,202.0
430.0,209.0
550.0,214.0
485.0,215.0
485.0,218.0
506.0,253.0
420.0,260.0
448.0,261.0
450.0,265.0
500.0,275.0
